1,10.369565,5.847826,,,
1,9.857142,6.071429,,,
1,8.382353,7.147059,,,
1,7.5,7.5,,,
1,7.4,8.45,,,
1,7.016129,8.241936,,,
1,6.875,8.6875,,,
1,7.177419,9.241936,,,
1,6.75,10.1,,,
1,6.7777777,10.055555,,,
1,6.763158,10.342105,,,
1,6.6578946,10.552631,,,
1,6.5526314,10.657895,,,
1,6.3235292,11.441176,,,
1,6.2222223,11.777778,,,
1,6.0185184,12.277778,,,
1,5.617647,12.617647,,,
1,5.4444447,12.666667,,,
1,5.1,13.3,,,
1,5.3125,13.3125,,,
1,5.3235292,13.441176,,,
1,5.25,13.75,,,
1,4.9117646,13.970589,,,
1,5.076923,14.269231,,,
1,5.02,14.1,,,
1,4.75,14.5,,,
1,4.617647,14.8529415,,,
1,4.366667,15.033334,,,
1,4.269231,15.076923,,,
1,4.1666665,15.433333,,,
1,3.5,16.25,,,
1,3.3888888,16.5,,,
1,3,16.392857,,,
1,2.8333333,16.566668,,,
1,2.4333334,17.166666,,,
1,2.6333334,17.5,,,
1,2.1666667,18.033333,,,
1,1.9666667,17.966667,,,
6,27.125,19.5,,,
6,26.777779,18.61111,,,
6,27.382353,18.147058,,,
6,27.617647,17.67647,,,
6,27.833334,17.433332,,,
6,27.821428,17.535715,,,
6,28.25,16.8125,,,
6,28.464285,17.428572,,,
6,27.9375,16.9375,,,
6,27.633333,16.5,,,
6,27.5,16.125,,,
6,27.555555,16.38889,,,
6,27.447369,16.657894,,,
6,28.088236,16.147058,,,
6,28.11111,15.833333,,,
6,28.603449,16.086206,,,
6,28.222221,15.666667,,,
6,28.441177,15.617647,,,
6,29.147058,15.735294,,,
6,29.264706,16.32353,,,
6,29.264706,16.32353,,,
6,28.911764,16.029411,,,
6,28.25,16.875,,,
6,28.733334,17.366667,,,
6,27.666666,17.066668,,,
6,27.441177,16.735294,,,
6,27.25,16.875,,,
6,27.147058,16.735294,,,
6,26.884615,16.423077,,,
6,27,16.1875,,,
6,26.911764,16.029411,,,
6,26.67647,15.794118,,,
6,26.5,16.462963,,,
6,26.147058,15.735294,,,
6,25.088236,16.147058,,,
6,24.777779,15.944445,,,
6,24,16,,,
6,23.222221,16.277779,,,
6,23.033333,16.366667,,,
6,22.911764,16.029411,,,
6,22.571428,16.178572,,,
6,21.911764,16.029411,,,
6,21.264706,15.676471,,,
6,21.125,15.5625,,,
6,20.685184,15.425926,,,
6,14.465517,21.844828,,,
6,16.1,21.566668,,,
7,95.55556,22.222221,,,
7,95.60526,21.973684,,,
7,95.81579,22.236841,,,
7,95.888885,22.166666,,,
7,95.81579,21.973684,,,
7,95.629036,21.532259,,,
7,95.833336,21.666666,,,
7,95.76667,21.233334,,,
7,96,21.5,,,
7,96,21.5,,,
7,95.92105,21.342106,,,
7,96,21.3,,,
7,96,21.3,,,
7,96,21.3,,,
7,96.05556,21.11111,,,
7,96.26667,21.233334,,,
7,96.05556,21.11111,,,
7,96.3421,21.18421,,,
7,96.5,21.5,,,
7,96.44444,21.333334,,,
7,96.45238,21.738094,,,
7,96.72222,21.833334,,,
7,96.72222,21.833334,,,
7,96.42857,21.357143,,,
7,96.39655,21.224138,,,
7,96.72222,21.833334,,,
7,96.72222,21.833334,,,
7,96.72222,21.833334,,,
7,96.4,21.6,,,
7,96.72222,21.833334,,,
7,96.6579,21.921053,,,
7,96.72222,21.833334,,,
7,96.33871,21.82258,,,
7,96.6579,21.921053,,,
7,96.39474,21.868422,,,
7,96.333336,21.944445,,,
7,96.5,21.944445,,,
7,96.166664,22,,,
7,96.39474,21.868422,,,
7,96.5625,22.1875,,,
7,96.375,21.75,,,
7,96.20588,21.970589,,,
7,96.81579,22.236841,,,
7,96.111115,21.833334,,,
7,96.40323,22.048388,,,
7,95.86364,21.863636,,,
7,95.72222,22.5,,,
7,95.92105,22.81579,,,
7,95.888885,23.166666,,,
7,95.81579,23.236841,,,
7,95.92105,23.342106,,,
7,95.55,22.9,,,
7,95.85,23.4,,,
7,95.72222,23.222221,,,
7,95.81579,22.973684,,,
7,95.67647,23.32353,,,
7,95.75,24.25,,,
7,95.75,24.25,,,
7,95.73529,24.67647,,,
7,95.73529,24.67647,,,
7,95.888885,25.166666,,,
7,95.888885,25.166666,,,
7,95.888885,25.166666,,,
7,95.888885,25.166666,,,
7,95.888885,25.166666,,,
7,96.625,25.625,,,
7,96.617645,25.794117,,,
7,96.73529,25.67647,,,
7,96.73529,25.67647,,,
7,96.81579,25.5,,,
7,96.81579,25.5,,,
7,96.888885,25.166666,,,
7,96.888885,25.166666,,,
7,96.81579,24.973684,,,
7,96.81579,24.973684,,,
7,96.92105,24.81579,,,
7,96.833336,24.833334,,,
7,96.81579,24.973684,,,
7,96.81579,24.973684,,,
7,96.81579,24.5,,,
7,96.81579,24.5,,,
7,96.73529,24.67647,,,
7,96.35,24.7,,,
7,96,24.5,,,
7,95.85,24.4,,,
7,95.85,24.4,,,
7,95.5,24.026316,,,
7,95.07895,23.657894,,,
7,94.92857,23.547619,,,
7,94.88095,23.785715,,,
7,94.758064,23.112904,,,
7,94.75,23.05,,,
7,94.72222,22.833334,,,
7,94.289474,22.763159,,,
7,93.97369,22.131578,,,
7,93.888885,22.166666,,,
7,94.05173,22.155172,,,
7,93.81579,21.973684,,,
7,93.46429,21.357143,,,
19,2.3333333,58.5,,,
19,2.3125,58,,,
19,2.868421,58.07895,,,
19,3.25,57.625,,,
19,3.2619047,58.11905,,,
19,3.2931035,58.12069,,,
19,4.2,57.85,,,
19,3.887097,57.951614,,,
19,4.6363635,58.136364,,,
19,5.404762,57.642857,,,
19,5.8157897,57.5,,,
19,6.45,57.75,,,
19,6.5,57.5,,,
19,7.5,57.5,,,
19,8,57.5,,,
19,8.112904,56.951614,,,
19,8.928572,57.166668,,,
19,9.2,56.6,,,
19,9.65,56.55,,,
19,10.45,56.75,,,
19,10.5,56,,,
19,11.447369,56.342106,,,
19,11.833333,55.97619,,,
19,12.048388,56.177418,,,
19,12.596774,55.85484,,,
19,13.05,55.15,,,
19,13.184211,55.5,,,
19,14.5,54.863636,,,
19,13.833333,55.28788,,,
19,14.973684,54.763157,,,
19,16,54.5,,,
19,15.642858,54.690475,,,
19,16.725807,54.177418,,,
19,16.833334,54.11111,,,
19,17.81579,54.5,,,
19,18.441177,54.382355,,,
19,19.147058,54.441177,,,
19,19.55,54.7,,,
19,20.147058,54.441177,,,
19,20.5,54.5,,,
19,20.4375,53.75,,,
19,21.5,54.394737,,,
19,22.236841,53.81579,,,
19,22.785715,54.166668,,,
19,22.80303,53.560608,,,
19,23.71875,54,,,
19,24.227272,53.954544,,,
19,25.026316,53.605263,,,
19,25.547619,54.07143,,,
19,25.710526,53.44737,,,
19,26.2,53.85,,,
19,26.452381,53.07143,,,
19,26.85,53.6,,,
19,27.763159,53.394737,,,
19,28.4,53.25,,,
19,28.852942,53.441177,,,
19,29.55,52.6,,,
19,30.236841,53.07895,,,
19,30.5,52.342106,,,
19,31.357143,52.97619,,,
19,31.763159,52.394737,,,
19,32.333332,52.555557,,,
19,32.166668,51.88889,,,
19,32.785713,52.166668,,,
19,33.5,52,,,
19,33.794117,51.441177,,,
19,34.394737,51.81579,,,
19,34.81579,51.5,,,
19,35.18421,51.5,,,
19,35.5,51.605263,,,
19,36.14706,51.441177,,,
19,36.441177,51.617645,,,
19,36.5,51.5,,,
19,37.18421,51.5,,,
19,37.45,51.75,,,
19,37.65,51.45,,,
19,37.973682,51.92105,,,
19,38.5,51.5,,,
19,38.95,51.15,,,
19,39.14706,51.441177,,,
19,40.333332,50.555557,,,
19,41.1875,50.4375,,,
19,42,50.5,,,
19,42.77778,49.72222,,,
19,43.342106,50.07895,,,
19,43.710526,49.657894,,,
19,44.25,49.625,,,
19,44.833332,49.566666,,,
19,45.088234,48.911766,,,
19,45.833332,48.566666,,,
19,45.76923,48.923077,,,
19,46.441177,48.382355,,,
19,47,48.5,,,
19,47.3125,48.5,,,
19,47.875,47.6875,,,
19,48.3,47.7,,,
19,48.66129,47.564518,,,
19,48.973682,46.763157,,,
19,49.42857,47.107143,,,
19,50.12069,46.948277,,,
19,50.42,46.18,,,
31,45.05,100.15,,,
31,44.86842,100.02631,,,
31,43.214287,100.166664,,,
31,42.86842,99.76316,,,
31,41.88889,100.27778,,,
31,41.87931,100.05173,,,
31,41.05,100.15,,,
31,40.625,100.53125,,,
31,40.026318,99.76316,,,
31,39.5,100,,,
31,38.666668,99.44444,,,
31,38.05,99.65,,,
31,36.85294,99.44118,,,
31,36.81579,99.6579,,,
31,35.3,99.1,,,
31,35.333332,99.933334,,,
31,34.342106,99.02631,,,
31,33.1,99.35,,,
31,32.5,98.73529,,,
31,31.97619,98.88095,,,
31,31.6,98.15,,,
31,30.657894,98.5,,,
31,30.236841,97.81579,,,
31,29.338709,98.5,,,
31,29.048388,97.79032,,,
31,28.236841,97.97369,,,
31,28.617647,96.73529,,,
31,27.5,96.5,,,
31,27.10606,96.07576,,,
31,26.5,95.388885,,,
31,25.777779,94.833336,,,
31,25.61111,94.333336,,,
31,24.596775,94.82258,,,
31,24.029411,93.911766,,,
31,23.657894,93.92105,,,
31,23.029411,92.911766,,,
31,22.55,92.8,,,
31,22.119047,92.59524,,,
31,21.777779,92.22222,,,
31,21.2,92.25,,,
31,20.6,91.9,,,
31,20.342106,91.3421,,,
31,19,91.77778,,,
31,19.3125,90.875,,,
31,18.080645,90.79032,,,
31,18.5,90,,,
31,17.131578,90.07895,,,
31,17.45,89.35,,,
31,16.15,88.95,,,
31,17,88,,,
31,16.342106,87.76316,,,
31,16.5,87,,,
31,15.6,86.7,,,
31,16,85.8,,,
31,15.214286,84.88095,,,
31,15.35,84.05,,,
31,14.558824,83.85294,,,
31,14.447369,82.76316,,,
31,13.921053,82.76316,,,
31,14.1,81.35,,,
31,12.928572,80.2619,,,
31,12.973684,79.3421,,,
31,12.5,79,,,
31,13.078947,78.447365,,,
31,13.5,79,,,
31,13.558824,77.20588,,,
31,13,77,,,
31,13.323529,75.55882,,,
31,13.264706,74.85294,,,
31,11.176471,71.35294,,,
31,11.805555,70.638885,,,
31,11.728572,70.12857,,,
31,11.705882,69.17647,,,
31,11.772727,68.257576,,,
31,12.071428,68.1,,,
31,12.042857,67.47143,,,
31,12.33871,66.758064,,,
31,12.409091,66.34849,,,
31,12.5,65.78125,,,
31,13.166667,64.86667,,,
31,12.90625,64.65625,,,
31,12.924242,64.13636,,,
31,12.590909,64.045456,,,
31,13.15625,63.4375,,,
31,12.742424,63.28788,,,
31,12.9375,63.21875,,,
31,13.274194,62.532257,,,
31,13.396552,62.5,,,
31,13.534483,61.706898,,,
31,12.9,61.2,,,
33,126.088234,119.97059,,,
33,125.07895,119.447365,,,
33,125.25,118.8125,,,
33,125.03333,118.36667,,,
33,124.8125,118.3125,,,
33,125.534485,117.913795,,,
33,125.1,117.166664,,,
33,124.56896,117.60345,,,
33,124.67647,116.911766,,,
33,123.625,116.75,,,
33,132.3,117.433334,,,
33,132.23334,117.7,,,
33,122.8125,114.875,,,
33,122.566666,113.9,,,
33,122.9,113.833336,,,
33,122.43104,113.534485,,,
33,121.5,113,,,
33,121.566666,111.9,,,
33,121.3,111.9,,,
33,120.5,111,,,
33,120.27778,109.888885,,,
33,120.433334,109.833336,,,
33,119.566666,108.9,,,
33,119.46429,108.60714,,,
33,119.566666,108.23333,,,
33,119.25,108.125,,,
33,119.566666,106.9,,,
33,119.125,105.8125,,,
33,118.69355,106.01613,,,
33,118.8125,105.4375,,,
35,49.75,122.375,,,
35,49.026318,122.76316,,,
35,47.97059,122.79412,,,
35,47.88889,123.05556,,,
35,47,123.5,,,
35,46.314816,123.12963,,,
35,46.13158,123.92105,,,
35,45.907406,124.57407,,,
35,44.97059,124.79412,,,
35,45.1875,125,,,
35,44.02941,125.088234,,,
35,43.6875,126.0625,,,
35,42.911766,126.44118,,,
35,43.14706,127.20588,,,
35,43.166668,127.111115,,,
35,42.98,127.66,,,
35,42.625,128.375,,,
35,41.1,128.5,,,
35,40.236843,128.44737,,,
35,39.911766,128.44118,,,
35,39.555557,129.16667,,,
35,39.5,129,,,
35,38.77778,129.44444,,,
35,38.08621,129.39655,,,
35,38.02,130.54,,,
35,37.382355,130.61765,,,
35,36.5,130.5,,,
35,36.5,130.61111,,,
35,35.75926,131.2037,,,
35,34.61111,131.66667,,,
35,34.5,132.08824,,,
35,34.5,132.5,,,
35,33.26,132.18,,,
35,33.77778,133.16667,,,
35,33.333332,133.55556,,,
35,32.833332,133.72223,,,
35,32.944443,134.22223,,,
35,32.558823,134.67647,,,
35,31.342106,134.6579,,,
35,30.8125,134.75,,,
35,29.875,135.375,,,
35,29.029411,135.08824,,,
35,28,135.1875,,,
35,28.18421,136.55263,,,
35,28.425926,136.24074,,,
35,28.06,136.38,,,
35,28.078947,136.86842,,,
35,27.722221,137.11111,,,
35,27.852942,137.61765,,,
35,27.921053,138.13158,,,
35,27.794117,138.32353,,,
35,27.617647,137.85294,,,
35,27.5,138,,,
35,27.382353,138.14706,,,
35,27.5,138.5,,,
35,27.4375,138.8125,,,
35,26.944445,139.22223,,,
35,26.944445,139.22223,,,
35,27.029411,139.08824,,,
35,26.868422,139.02632,,,
35,26.777779,139.44444,,,
35,26.617647,140.26471,,,
35,26.32353,141.32353,,,
35,25.366667,141.96666,,,
35,25.382353,141.97058,,,
35,24.5,142.61111,,,
35,23.657894,142.55263,,,
35,22.852942,142.5,,,
35,23.222221,143.66667,,,
35,23.558823,144.67647,,,
35,22.447369,145.3421,,,
35,22.382353,145.97058,,,
35,21.833334,146.56667,,,
35,21.433332,147.16667,,,
35,21,147.5,,,
35,21,148.5,,,
35,17.790323,149.17741,,,
36,146.73529,123.55882,,,
36,146.61765,122.97059,,,
36,147,122.5,,,
36,145.91176,123.14706,,,
36,146.5,122.5,,,
36,146.15517,122.67242,,,
36,146.91176,121.97059,,,
36,149.14285,122.07143,,,
36,150.03334,120.833336,,,
36,152,120.5,,,
36,151.38889,119.611115,,,
36,152,119.5,,,
36,151.5,119,,,
36,151.91176,119.14706,,,
36,151.3125,118.875,,,
36,151.75926,118.796295,,,
36,151.55882,118.088234,,,
36,152.25,117.3125,,,
36,152.44118,116.911766,,,
36,153.16667,114.96667,,,
36,153.44118,114.911766,,,
36,153.61765,113.911766,,,
36,153.83333,114.03333,,,
36,154.58,113.38,,,
36,154.57408,113.35185,,,
36,155.3125,113,,,
36,155.36667,113.1,,,
36,155.44118,112.911766,,,
36,155.42592,112.64815,,,
36,155.61765,111.911766,,,
36,155.7,112.23333,,,
47,79.46296,158.2037,,,
47,78.934784,157.41304,,,
47,79.46296,158.2037,,,
47,78.958336,157.58333,,,
47,78.934784,157.41304,,,
47,79.947365,158.39473,,,
47,78.934784,157.41304,,,
47,79.824326,158.3108,,,
47,79.46429,158.32143,,,
47,78.86364,157.45454,,,
47,78.934784,157.41304,,,
47,78.934784,157.41304,,,
47,78.934784,157.41304,,,
47,78.90909,157.36363,,,
47,78.86364,157.45454,,,
47,79.947365,158.39473,,,
47,78.934784,157.41304,,,
47,78.86364,157.45454,,,
47,78.934784,157.41304,,,
47,78.934784,157.41304,,,
47,78.934784,157.41304,,,
47,78.934784,157.41304,,,
47,78.934784,157.41304,,,
47,79.824326,158.3108,,,
47,79.824326,158.3108,,,
47,78.833336,157.40475,,,
47,78.86364,157.45454,,,
47,78.934784,157.41304,,,
47,79.824326,158.3108,,,
47,78.934784,157.41304,,,
47,78.86364,157.45454,,,
47,78.86364,157.45454,,,
47,79.60811,158.2027,,,
47,78.833336,157.40475,,,
47,78.847824,157.23914,,,
47,78.833336,157.40475,,,
47,78.875,157.29167,,,
47,78.934784,157.41304,,,
47,78.833336,157.40475,,,
47,78.86364,157.45454,,,
47,79.947365,158.39473,,,
47,78.77273,157.27272,,,
47,78.77273,157.27272,,,
47,78.77273,157.27272,,,
47,79.824326,158.3108,,,
47,79.824326,158.3108,,,
47,78.934784,157.41304,,,
47,79,157.25,,,
47,78.934784,157.28261,,,
47,78.875,157.16667,,,
47,78.94,157.14,,,
47,78.875,157.29167,,,
47,78.934784,157.41304,,,
47,78.86364,157.45454,,,
47,78.934784,157.41304,,,
47,78.86364,157.45454,,,
47,78.934784,157.41304,,,
47,78.934784,157.41304,,,
47,78.86364,157.45454,,,
47,78.934784,157.41304,,,
47,78.934784,157.41304,,,
47,78.875,157.29167,,,
47,78.934784,157.19565,,,
47,78.934784,157.41304,,,
47,78.86364,157.45454,,,
47,78.875,157.29167,,,
47,78.804344,157.32608,,,
47,78.804344,157.32608,,,
47,78.77273,157.27272,,,
47,78.875,157.29167,,,
47,78.804344,157.32608,,,
47,78.934784,157.41304,,,
47,78.804344,157.32608,,,
47,78.934784,157.41304,,,
47,78.875,157.29167,,,
47,78.86364,157.45454,,,
47,78.875,157.29167,,,
47,78.86364,157.22728,,,
47,79,157.31818,,,
47,79,157.31818,,,
47,78.833336,157.16667,,,
47,78.90909,157.13637,,,
47,78.875,157.29167,,,
47,78.934784,157.19565,,,
47,78.86364,157.22728,,,
47,78.934784,157.41304,,,
47,78.875,157.29167,,,
47,78.934784,157.19565,,,
47,78.934784,157.19565,,,
47,78.934784,157.19565,,,
47,79.947365,158.39473,,,
47,78.934784,157.19565,,,
47,78.86364,157.22728,,,
47,78.934784,157.19565,,,
47,78.85,157,,,
47,78.92857,157.35715,,,
47,80.05,158.525,,,
47,78.88095,157.07143,,,
47,79.824326,158.3108,,,
47,79.947365,158.39473,,,
47,79.9359,158.42308,,,
47,78.847824,157.10869,,,
47,79,157.04167,,,
47,79,157.04167,,,
47,78.934784,157.06522,,,
47,79.021736,156.89131,,,
47,78.934784,157.06522,,,
47,79,157.04167,,,
47,79.021736,156.89131,,,
47,78.88095,157.07143,,,
47,78.85,157,,,
47,78.92857,156.88095,,,
47,79.80556,158.25,,,
47,78.86364,157.22728,,,
47,80.02631,158.44737,,,
47,78.86364,157.22728,,,
47,80.02631,158.44737,,,
47,78.88095,157.07143,,,
47,79.9054,158.33784,,,
48,97.94444,170.44444,,,
48,97.55556,171.16667,,,
48,98.166664,170.3,,,
48,98.088234,170.38235,,,
48,99.14706,170.26471,,,
48,98.94444,167.42592,,,
48,100.85294,167.44118,,,
48,100.891304,167.28261,,,
48,102.088234,167.38235,,,
48,102.36667,166.83333,,,
48,103.3,167.76666,,,
48,103.25,167.625,,,
48,103.63333,168.03334,,,
48,103,167.3125,,,
48,104.03333,167.36667,,,
48,105.083336,167.20833,,,
48,106.3,167.23334,,,
48,109,167.33333,,,
48,107.9375,165.3125,,,
48,109.125,165.6875,,,
48,109.94444,165.33333,,,
48,110.67647,165.79411,,,
48,111.088234,164.61765,,,
48,110.62,164.14,,,
48,110.88095,163.54762,,,
48,109.76667,162.3,,,
48,110.79412,161.73529,,,
48,109.76667,160.76666,,,
48,110.796295,158.87038,,,
50,72.617645,185.79411,,,
50,72.94444,186.27777,,,
50,73.0625,187.25,,,
50,72.97059,187.67647,,,
50,73.166664,188.77777,,,
50,72.63333,188.8,,,
50,72.625,190.25,,,
50,72.43104,190.39655,,,
50,72.5,191.3125,,,
50,72.5,191.5,,,
50,72.5,192,,,
50,72,192.5,,,
50,72.433334,192.83333,,,
50,71.97059,193.32353,,,
50,72.44118,193.85294,,,
50,72.5,194.63792,,,
50,72.5,195,,,
50,73.5,195.3125,,,
50,72.833336,195.88889,,,
50,73.5,196.3125,,,
50,73.72222,197.11111,,,
50,73.63333,197.36667,,,
50,73.6875,197.25,,,
50,73.74138,197.77586,,,
50,73.72222,198.12962,,,
50,74.4375,198.625,,,
50,74.433334,199.43333,,,
50,74.3125,199.8125,,,
50,75,200.21428,,,
50,74.911766,201.02942,,,
50,74.625,201,,,
50,75.433334,201.83333,,,
50,74.69231,201.88461,,,
51,49.81579,192.92105,,,
51,50.02941,193.20589,,,
51,49.735294,193.38235,,,
51,49.088234,193.55882,,,
51,50.13158,193.5,,,
51,49.42857,193.14285,,,
51,49.38889,193.61111,,,
51,49.846153,193.57692,,,
51,49.264706,193.61765,,,
51,49.8,193.9,,,
51,49.125,193.6875,,,
51,49.38889,193.61111,,,
51,49.27778,193.94444,,,
51,48.77778,194.22223,,,
51,48.566666,194.1,,,
51,49.425926,193.64815,,,
51,48.382355,193.73529,,,
51,48.382355,193.73529,,,
51,48.382355,193.73529,,,
51,48.264706,193.67647,,,
51,48.125,193.6875,,,
51,48.441177,193.91176,,,
51,48.441177,193.91176,,,
51,48.32143,194,,,
51,48.607143,194.53572,,,
51,48.375,194.4375,,,
51,48.4375,194.1875,,,
51,48.166668,194.43333,,,
51,48.351852,194.38889,,,
51,47.5625,194.8125,,,
51,48.205883,194.79411,,,
51,48.055557,194.94444,,,
51,47.846153,194.65384,,,
51,47.617645,194.91176,,,
51,47.77778,195.11111,,,
51,48,195.16667,,,
51,47.617645,194.91176,,,
51,47.86842,195.02632,,,
51,47.6875,195.3125,,,
51,47.657894,194.97368,,,
51,47.907406,195.42592,,,
51,47.4375,195.1875,,,
51,47.166668,194.96666,,,
51,46.617645,194.91176,,,
51,46.692307,194.84616,,,
51,46.5,194,,,
51,46.441177,194.26471,,,
51,46.441177,194.26471,,,
51,46.382355,193.91176,,,
51,46.3125,194.125,,,
51,46,193.94444,,,
51,45.9375,193.875,,,
51,45.6875,193.875,,,
51,45.5,193.5,,,
51,45.382355,193.79411,,,
51,45.25,193.6875,,,
51,45.25,193.5,,,
51,45,194,,,
51,45.125,193.3125,,,
51,45,193.5,,,
51,45,193.5,,,
51,45.205883,193.08824,,,
51,45.125,193.3125,,,
51,44.97059,193.32353,,,
51,45.11111,192.94444,,,
51,45.055557,193.27777,,,
51,44.97059,193.32353,,,
51,45,193,,,
51,44.875,193.1875,,,
51,44.6875,193.25,,,
51,45,193,,,
51,45.02941,192.85294,,,
53,163.875,200.25,,,
53,163.80435,200.10869,,,
53,164.04167,200.70833,,,
53,164,200.375,,,
53,164.06,200.58,,,
53,163.89394,200.01515,,,
53,164.125,199.70833,,,
53,163.96875,200.0625,,,
53,164.23914,200.67392,,,
53,164.41304,201.41304,,,
53,164.36363,201.27272,,,
53,164.31818,201.68182,,,
53,164.31818,201.68182,,,
53,164.41304,201.67392,,,
53,164.2619,201.45238,,,
53,164.21428,201.32857,,,
53,164.36957,201.63043,,,
53,164.40475,201.64285,,,
53,164.40475,201.64285,,,
53,164.45653,201.36957,,,
53,164.45454,201.54546,,,
53,164.59091,201.68182,,,
53,164.45454,201.77272,,,
53,164.28787,201.16667,,,
53,164.28787,201.16667,,,
53,164.40475,200.92857,,,
53,164.45454,201.54546,,,
53,164.45454,201.77272,,,
53,164.24286,200.92857,,,
53,164.45454,201.77272,,,
53,164.40475,200.69048,,,
53,164.54546,201.36363,,,
53,164.08824,200.55882,,,
53,164.18182,200.09091,,,
53,164.23914,200.58696,,,
53,164.19565,200.84782,,,
53,164.18182,200.04546,,,
53,164.19565,200.63043,,,
53,164.125,200.625,,,
53,164.40475,200.69048,,,
53,164.13637,200.19698,,,
53,164.40475,200.69048,,,
53,164.40475,200.69048,,,
53,164.5,200.85,,,
53,164.05882,200.26471,,,
53,164.12857,199.55714,,,
53,164.15384,200.96153,,,
53,164.7,201.3,,,
53,164.53448,201.15517,,,
53,164.73334,201.06667,,,
53,164.77586,200.56897,,,
53,165.17741,199.95161,,,
53,165.66667,200.06667,,,
53,166.03125,200.28125,,,
53,165.88235,199.73529,,,
53,164.45,200.1,,,
53,164.54347,200.54347,,,
53,164.5,199.85,,,
53,164.59091,199.68182,,,
53,164.59091,200.68182,,,
53,164.625,200.375,,,
53,164.59091,200.68182,,,
53,164.59091,200.68182,,,
53,164.58333,200.29167,,,
53,164.59091,200.68182,,,
53,164.59091,200.68182,,,
53,164.54762,199.78572,,,
53,164.59091,200.68182,,,
53,164.59091,200.68182,,,
53,164.63043,200.54347,,,
53,164.59091,200.68182,,,
53,164.625,200.375,,,
53,164.59091,200.68182,,,
53,164.625,200.375,,,
53,164.58696,200.5,,,
53,164.58,200.02,,,
53,164.5,200.25,,,
53,164.54762,199.7381,,,
53,164.5,200.25,,,
53,164.63637,201.09091,,,
53,164.45454,200.81818,,,
53,164.5,200.25,,,
53,164.5,201.25,,,
53,164.58,201.02,,,
53,164.5,201.25,,,
53,164.5,201,,,
53,164.63043,200.54347,,,
53,164.63043,200.54347,,,
53,164.68182,200.68182,,,
53,164.7381,200.69048,,,
53,164.74324,200.71622,,,
53,164.86363,201.13637,,,
53,164.8,200.85,,,
53,164.8,200.85,,,
53,164.9762,201.11905,,,
53,165,201.3,,,
53,164.80556,201.22223,,,
53,164.92857,201.16667,,,
53,164.60811,200.66216,,,
53,164.74324,200.71622,,,
53,164.37878,200.86363,,,
53,164.7,200.82,,,
53,164.61539,200.88461,,,
53,164.54167,200.5,,,
53,164.63043,200.54347,,,
53,164.625,200.375,,,
53,164.63043,200.54347,,,
53,164.61539,200.88461,,,
53,164.625,200.375,,,
53,164.63043,200.54347,,,
53,164.63043,200.54347,,,
53,164.63043,200.54347,,,
53,164.43939,201.04546,,,
53,164.40909,201.09091,,,
53,164.16667,200.66667,,,
53,164.40909,201.09091,,,
53,164.02942,201.26471,,,
53,164.5,201.85,,,
53,164.09375,201.09375,,,
67,33.966667,195.33333,,,
67,33.346153,194.57692,,,
67,32.785713,195.07143,,,
67,31.981482,195.09259,,,
67,31.72857,194.64285,,,
67,31.314816,194.72223,,,
67,30.95,195.4,,,
67,31.266666,194.86667,,,
67,31.351852,195.31482,,,
67,31.4375,195.6875,,,
67,31.403225,195.69354,,,
67,30.984848,195.71213,,,
67,30.924242,195.98485,,,
67,30.758064,196.01613,,,
67,35.13158,203.07895,,,
67,28.7,199.63333,,,
67,29.5,200.5,,,
67,31.4,201.66667,,,
67,31.2,201.4,,,
67,30.5,200.64815,,,
67,30.038462,200.57692,,,
67,29.566668,200.03334,,,
67,28.81579,200,,,
67,28.605263,199.71053,,,
67,28.775862,200.01724,,,
67,28.17742,199.8871,,,
67,27.742424,199.5303,,,
67,31.3,191.38,,,
67,31.4375,191.9375,,,
80,83.3,86.166664,,,
80,83.166664,86.083336,,,
80,83.3,86.166664,,,
80,83.14,86.18,,,
80,83.3,86.166664,,,
80,83.3,86.166664,,,
80,83.3,86.166664,,,
80,83.3,86.166664,,,
80,83.25,86.0625,,,
80,83.3,86.166664,,,
80,83.3,86.166664,,,
80,83.181816,86.318184,,,
80,83.3,86.166664,,,
80,83.3,86.166664,,,
80,83.3,86.433334,,,
80,83.4375,86.4375,,,
80,83.36667,86.566666,,,
80,83.36667,86.566666,,,
80,83.36667,86.566666,,,
80,83.583336,86.416664,,,
80,83.5,86.5,,,
80,83.36667,86.566666,,,
80,83.36667,86.566666,,,
80,83.36667,86.566666,,,
80,83.625,86.5,,,
80,83.36667,86.566666,,,
80,83.36667,86.566666,,,
80,83.36667,86.566666,,,
80,83.7,86.42,,,
80,83.4375,86.4375,,,
80,83.4375,86.4375,,,
80,83.4375,86.4375,,,
80,83.4375,86.4375,,,
80,83.36667,86.566666,,,
80,83.4375,86.4375,,,
80,83.4375,86.4375,,,
80,83.63636,86.318184,,,
93,38.807693,20.384615,,,
93,46.9375,24.6875,,,
93,47.27778,23.88889,,,
93,46.625,22.958334,,,
93,47.62,23.94,,,
93,48.458332,23.125,,,
93,49.394737,22.236841,,,
93,49.136364,22.954546,,,
93,48.791668,22.041666,,,
93,39.47059,20.117647,,,
93,39.45,19.35,,,
93,39.441177,19.852942,,,
93,39.763157,20.026316,,,
93,39.944443,20.277779,,,
93,40.088234,20.558823,,,
93,39.911766,20.441177,,,
93,39.934784,21.108696,,,
93,40.133335,21.933332,,,
93,38.98387,21.467741,,,
93,39.45652,22.413044,,,
93,38.21875,23.625,,,
93,36.375,25.333334,,,
93,36,24,,,
93,35.648148,24.685184,,,
93,35.672413,23.98276,,,
93,35.75926,23.38889,,,
93,35.472973,23.364864,,,
93,35.26923,20.76923,,,
93,34.38889,21.12963,,,
93,33.423077,20.923077,,,
93,32.923077,20.884615,,,
93,32.23077,20.653847,,,
93,31.692308,20.5,,,
93,31.392857,20.642857,,,
93,30.868422,20.105263,,,
93,30.214285,20.035715,,,
93,29.384615,19.73077,,,
93,28.98276,19.603449,,,
93,28.25,19.15,,,
110,48.625,177.58333,,,
110,47.875,176.875,,,
110,47,176,,,
110,45.9,175.56667,,,
110,45.07895,175.97368,,,
110,42.7,175,,,
110,43.02941,176.97058,,,
110,39.735294,176.14706,,,
110,38.12069,176.39655,,,
110,38.264706,176.85294,,,
110,36.289474,176.8158,,,
110,36,176.5,,,
110,35.11111,176.83333,,,
110,34.5,176.08824,,,
110,33.5,176,,,
110,32.85294,176.44118,,,
110,32.5,175.78,,,
110,32.25,175.83333,,,
110,31.944445,176.22223,,,
110,31.5,176.5,,,
110,30.868422,176.97368,,,
110,30.038462,176.8077,,,
110,29.264706,176.67647,,,
110,28.5,176,,,
110,27.444445,176.38889,,,
110,26.3,176.34,,,
110,24.833334,175.88889,,,
110,23.75,176.375,,,
110,23.205883,176.44118,,,
110,22.5,176,,,
110,21.5625,175.1875,,,
110,21,175,,,
110,20.205883,175.67647,,,
112,58.933334,180.43333,,,
112,57.1875,180.875,,,
112,58.382355,180.44118,,,
112,56.617645,180.08824,,,
112,58.61111,178.61111,,,
112,58.5,177.625,,,
112,62.233334,175.5,,,
112,60.38889,172.38889,,,
112,63.133335,171.33333,,,
112,61.92105,170.92105,,,
112,62.88889,170.22223,,,
112,61.944443,170.27777,,,
112,63.11111,169.77777,,,
112,62.6875,169.625,,,
112,63.205883,169.73529,,,
112,62.22222,169.5,,,
112,62.775864,169.01724,,,
112,61.5,168.5,,,
112,62.5,168.3125,,,
112,61.38889,167.61111,,,
112,62.07895,167.92105,,,
112,61.115383,167.38461,,,
112,61.666668,167.11111,,,
112,61.088234,165.85294,,,
112,61.5,165.3125,,,
112,60.82,163.94,,,
112,61.088234,163.55882,,,
112,61.088234,163.02942,,,
112,60.966667,162.36667,,,
112,61.375,161.75,,,
132,89.46774,69.8871,,,
132,89.5,69,,,
132,89.185715,69.38571,,,
132,87.77778,70.666664,,,
132,87.55882,70.911766,,,
132,87.75,71.15,,,
132,87.3,70.933334,,,
132,88.3421,71.13158,,,
132,88.05556,71.22222,,,
132,88.59524,72.35714,,,
132,89.3421,72.07895,,,
132,89.22222,72.77778,,,
132,89.382355,73.26471,,,
132,89.617645,73.382355,,,
132,89.46774,72.8871,,,
132,89.5,73,,,
132,89.85294,73.382355,,,
132,90.111115,73.27778,,,
132,90.32353,73.20588,,,
132,90.08064,72.98387,,,
132,90.382355,73.617645,,,
132,90.388885,73.5,,,
132,90.552635,73.3421,,,
132,90.5,73.5,,,
132,90.5,73.611115,,,
132,90.77778,73.77778,,,
132,90.911766,73.85294,,,
132,90.92105,73.76316,,,
132,91.3125,73.6875,,,
132,91.552635,73.3421,,,
132,91.92105,73.552635,,,
132,91.77586,73.5,,,
132,92.32353,73.20588,,,
132,92.5,73.611115,,,
132,93.23684,73.97369,,,
132,93.53333,73.9,,,
132,93.46774,74.20968,,,
132,94.2,74.45,,,
132,94.5,74.611115,,,
132,94.5,74.611115,,,
132,95,75,,,
132,95.07895,75.3421,,,
132,95.5,75.611115,,,
132,95.85294,75.382355,,,
132,96.1,75.55,,,
132,96.5,75.5,,,
132,96.97059,76.088234,,,
132,97.23684,75.97369,,,
132,97.382355,76.26471,,,
132,97.05556,76.22222,,,
132,98.13158,76.07895,,,
132,98.333336,76.44444,,,
132,98.55556,76.611115,,,
132,98.79412,76.55882,,,
132,99,77,,,
132,99,77,,,
132,95.8,85.7,,,
132,95.82143,85.60714,,,
132,95.913795,85.913795,,,
132,93.5,87.5,,,
132,100.1875,82.4375,,,
132,100.7,79.76667,,,
132,101.77586,79.39655,,,
132,102.370964,79.241936,,,
132,102.73333,78.7,,,
132,103.3,79,,,
132,103.36207,78.465515,,,
134,164.60527,174.5,,,
134,164.92857,174.59525,,,
134,165.55556,174.94444,,,
134,165.55556,174.94444,,,
134,166,175,,,
134,166.66667,174.61111,,,
134,166.92308,174.76923,,,
134,167.55556,175.33333,,,
134,168.5,175,,,
134,168.5,175,,,
134,169.20589,175.02942,,,
134,168.83333,175.11111,,,
134,168.26471,175.44118,,,
134,167.625,175.25,,,
134,167.26,175.06,,,
134,167.42592,174.90741,,,
134,167.5,174.5,,,
134,167.25,174.8,,,
134,167.55556,175.33333,,,
134,167,174.78572,,,
134,166.625,175.25,,,
134,167.5,174.20589,,,
134,166.83333,174.88889,,,
134,164.77586,173.91379,,,
134,164.55556,173.66667,,,
134,164.73529,173.97058,,,
134,164.92105,174.44737,,,
134,165.5,173.5,,,
134,165.44444,173.66667,,,
134,165.44444,173.66667,,,
134,166.44118,173.85294,,,
134,166.30646,173.14516,,,
134,166.7,174.1,,,
134,167.5,174,,,
134,168,174.16667,,,
134,167.94444,173.11111,,,
134,169.12962,173.64815,,,
134,169.5,174,,,
134,169.83333,174.11111,,,
134,170.20589,174.02942,,,
134,170.92105,174.28947,,,
134,171.02632,174.13158,,,
134,171.07895,173.3421,,,
134,171.07895,173.3421,,,
134,171.07895,174.3421,,,
134,170.66667,174.05556,,,
134,170.5,174,,,
134,170.55882,174.14706,,,
134,170.92105,173.97368,,,
134,170.76315,173.60527,,,
134,170.1842,174.71053,,,
134,169.8158,174.28947,,,
134,169.92105,174.44737,,,
134,169.5,174.5,,,
134,169.5,174,,,
134,169.1842,174.71053,,,
134,168.8158,174.28947,,,
134,169.1842,173.71053,,,
134,168.72223,174.38889,,,
134,168.55556,174.33333,,,
134,168.83333,174.11111,,,
134,169.1842,174.71053,,,
134,169.23685,173.97368,,,
134,169,174.16667,,,
134,170.3421,174.44737,,,
134,170.5,174.20589,,,
134,170.5,174,,,
134,169.23529,176.73529,,,
134,169.5303,176.10606,,,
134,169.8,176.03334,,,
134,169.87038,175.53703,,,
134,170.3,175.18,,,
134,170.96428,174.17857,,,
150,92.382355,64.911766,,,
150,92.3,63.9,,,
150,92,62.785713,,,
150,91.55556,61.333332,,,
150,91.611115,60.5,,,
150,92.07895,59.86842,,,
150,91.77778,59.22222,,,
150,92.111115,58.38889,,,
150,92.02941,58.264706,,,
150,91.611115,57.38889,,,
150,91.9375,57.09375,,,
150,91.566666,56.233334,,,
150,92.125,55.3125,,,
150,92.552635,56.07895,,,
150,93.617645,54.264706,,,
150,93.63333,54.366665,,,
150,94.26471,54.205883,,,
150,96.23684,54.18421,,,
150,96.611115,53.444443,,,
150,97.6,53.533333,,,
150,97.97369,53.44737,,,
150,99,53.833332,,,
150,99.088234,53.617645,,,
150,100.23684,52.81579,,,
150,100.6875,53.3125,,,
150,101.55882,52.735294,,,
150,102,53.5,,,
150,101.98387,53.080647,,,
150,103.166664,53.3,,,
150,103.3125,53.6875,,,
150,104.833336,53.5,,,
150,104.4,53.333332,,,
150,105.951614,53.69355,,,
150,106.875,53.6875,,,
150,107.02941,54.911766,,,
150,108.382355,54.617645,,,
150,108.088234,56.088234,,,
150,109.5,56,,,
150,109.1875,57.125,,,
150,110.63333,57.966667,,,
150,110.97369,57.973682,,,
150,111.625,59.5,,,
150,112.433334,59.433334,,,
150,114.86364,61.984848,,,
150,114.8,62.433334,,,
150,114.34375,62,,,
150,113.98276,62.810345,,,
150,113.4,62.533333,,,
150,113.18965,63.327587,,,
150,113.1,63.1,,,
150,112.5,63.527027,,,
150,113.40909,63.89394,,,
150,113,67.5,,,
150,110.888885,58.833332,,,
150,110.447365,58.07895,,,
150,110.3,57.1,,,
150,109.97369,57.236843,,,
150,110.32353,55.97059,,,
150,108.95,56.15,,,
154,48.433334,38.1,,,
154,47.083332,40.27778,,,
154,46.441177,41.5,,,
154,46.07895,42.44737,,,
154,45.617645,43.02941,,,
154,44.97059,44.14706,,,
154,44.88889,45.833332,,,
154,44.236843,46.342106,,,
154,43.833332,46.77778,,,
154,43.69355,47.177418,,,
154,43.23077,48.76923,,,
154,42.088234,50.02941,,,
154,41.617645,50.85294,,,
154,41.85294,51.5,,,
154,41.23077,51.692307,,,
154,42.125,53.125,,,
154,41.5,54.3125,,,
154,48.97059,54.67647,,,
154,49.125,54.5,,,
154,49.32353,54.264706,,,
154,49.32353,54.264706,,,
154,49.8,53.4,,,
154,49.8,53.4,,,
154,50.108696,53.02174,,,
154,50,52.81818,,,
154,50.261906,52.54762,,,
154,50.20968,52.080647,,,
154,50.195652,52.108696,,,
154,50.54348,51.934784,,,
154,50.22,51.3,,,
154,50.196968,51.863636,,,
154,50.10606,51.045456,,,
154,49.954544,51.136364,,,
154,49.88095,50.92857,,,
154,50.02174,50.891304,,,
154,49.891304,50.847828,,,
154,49.772728,50.863636,,,
154,50.195652,50.630436,,,
154,50.333332,50.75,,,
154,50.708332,51,,,
154,51.041668,50.833332,,,
154,51.090908,51.045456,,,
154,52,50.727272,,,
154,52.195652,50.630436,,,
154,52.090908,50.636364,,,
154,52.590908,50.409092,,,
154,52.673912,50.326088,,,
154,53.22,50.26,,,
154,53.375,50.166668,,,
154,53.375,50.166668,,,
154,53.54348,50.108696,,,
154,53.833332,50.125,,,
154,54.166668,50,,,
154,54.8,49.8,,,
154,54.97619,49.690475,,,
154,54.738094,49.642857,,,
154,55.041668,49.333332,,,
154,55.22,49.26,,,
154,55.46,49.18,,,
154,55.46,49.18,,,
154,55.673912,49.326088,,,
154,55.934784,49.152172,,,
154,56.282608,49.02174,,,
154,56.22,49.26,,,
154,56.375,49.166668,,,
154,56.642857,49.309525,,,
154,56.4,49.6,,,
154,56.97826,49.413044,,,
154,57.375,49.166668,,,
154,57.590908,49.31818,,,
154,57.81818,49.31818,,,
154,57.847828,49.369564,,,
154,58.7,49.5,,,
154,58.605263,49.81579,,,
154,58.785713,49.88095,,,
154,59.02381,49.88095,,,
154,59,49.82143,,,
154,59.342106,49.86842,,,
154,59.555557,49.77778,,,
154,57.466667,49.066666,,,
154,58.532257,50.33871,,,
154,58.824326,49.77027,,,
155,152.56667,55.633335,,,
155,151.5,56.08621,,,
155,150.92105,57.07895,,,
155,150.02942,56.205883,,,
155,148.75,57.6875,,,
155,148,56.5,,,
155,146.36667,57.966667,,,
155,145.91176,58.382355,,,
155,144.56667,58.366665,,,
155,143.84375,59.59375,,,
155,142.96875,58.71875,,,
155,141.56667,60.433334,,,
155,140.91176,59.911766,,,
155,139.76315,60.81579,,,
155,139.7,61.266666,,,
155,138.8125,60.5625,,,
155,137.85294,61.558823,,,
155,136.88889,60.833332,,,
155,136.32143,62.035713,,,
155,135.83333,61.433334,,,
155,134.83333,61.88889,,,
155,134.76315,62.18421,,,
155,133.9,61.433334,,,
155,132.85294,62.558823,,,
155,132.16667,61.566666,,,
155,131.23334,62.7,,,
155,131.01724,62.431034,,,
155,129.75,62.375,,,
155,129.1875,63,,,
155,128.56667,62.433334,,,
155,127.12069,63.948277,,,
155,126.844826,62.948277,,,
155,125.85294,63.441177,,,
155,125.125,63.1875,,,
155,123.888885,62.72222,,,
155,123.23684,63.81579,,,
155,122.75,62.625,,,
155,121.3125,63.5,,,
155,121.05556,63.333332,,,
155,119.76316,62.92105,,,
155,119.14706,63.794117,,,
155,119.125,62.1875,,,
203,111.911766,143.26471,,,
203,110.5,144.1,,,
203,109.6875,144.25,,,
203,108.666664,144.75,,,
203,107.73077,144.1923,,,
203,107,144.375,,,
203,106.1875,145,,,
203,105.85294,144.97058,,,
203,104.98276,144.77586,,,
203,103.9,144.3,,,
203,103.1,143.56667,,,
203,102,143.5,,,
203,101.681816,143.5,,,
203,100.6875,143.25,,,
203,99.9,143.3,,,
203,98.97059,142.79411,,,
203,97.85294,142.55882,,,
203,96.833336,142.43333,,,
203,96.14706,142.44118,,,
203,96,142.375,,,
203,95.42,141.82,,,
203,93.79412,141.08824,,,
203,92.6875,140.5625,,,
203,91.26471,140.14706,,,
203,90.9,139.86,,,
203,90.152176,139.84782,,,
203,89,139.375,,,
203,87.75,131.1875,,,
203,87.833336,130.96666,,,
203,87.9,131.56667,,,
247,65.088234,50.97059,,,
247,63.527027,48.932434,,,
247,64.92105,50.07895,,,
247,64.5,49.642857,,,
247,64.318184,49.954544,,,
247,63.15,48.15,,,
247,63.590908,49.5,,,
247,63.45,48.2,,,
247,63.45,48.2,,,
247,63.342106,48.18421,,,
247,62.88095,47.88095,,,
247,62.68182,47.454544,,,
247,63.289474,47.342106,,,
247,61.18421,45.894737,,,
247,62.690475,46.88095,,,
247,62.88095,46.88095,,,
247,62.55,46.8,,,
247,61.85294,45.941177,,,
247,60.763157,44.55263,,,
247,61.738094,45.738094,,,
247,61.97619,45.785713,,,
247,62.1,45.35,,,
247,62.02381,45.214287,,,
247,61.214287,44.357143,,,
247,61.11905,44.11905,,,
247,60.785713,43.642857,,,
247,61,43.5,,,
247,60.92105,42.86842,,,
247,61.05,42.85,,,
247,62.090908,42.68182,,,
247,62.357143,42.309525,,,
247,62.45238,42.07143,,,
247,62.8,41.75,,,
247,63,41.5,,,
247,63.07143,41.261906,,,
247,63.657894,41.026318,,,
247,63.642857,40.690475,,,
247,63.909092,40.636364,,,
247,64,40.5,,,
247,64.58696,40.282608,,,
247,64.7,39.95,,,
247,65.05,39.85,,,
247,65.27273,39.636364,,,
247,65.35714,39.595238,,,
247,65.45238,39.07143,,,
247,65.76316,39.18421,,,
247,65.76316,39.18421,,,
247,65.833336,39.11111,,,
247,66.3,39,,,
247,66.21429,38.690475,,,
247,66.40476,38.642857,,,
247,66.64286,38.595238,,,
247,67,38.5,,,
247,66.88095,38.404762,,,
247,66.6,38.15,,,
247,66.54762,37.92857,,,
247,66.7,37.85,,,
247,66.545456,37.636364,,,
247,66.60526,37.236843,,,
247,66.447365,37.07895,,,
247,66.5,37,,,
247,66.552635,36.92105,,,
247,66.67647,36.02941,,,
247,66.66,35.82,,,
247,66.60526,35.44737,,,
247,66.14706,34.441177,,,
247,66.35,34,,,
247,66.23684,33.342106,,,
247,66.81579,33.5,,,
280,76.617645,57.382355,,,
280,77.166664,57.88889,,,
280,77.14706,58.35294,,,
280,78.22222,58.444443,,,
280,77.5,58.5,,,
280,78.552635,59.710526,,,
280,79.13158,59.07895,,,
280,79.88095,60.404762,,,
280,81,60,,,
280,81,60.5,,,
280,81.76667,60.366665,,,
280,82.05556,60.88889,,,
280,82.44118,60.794117,,,
280,83.07895,61.44737,,,
280,83.530304,60.833332,,,
280,83.954544,61.651516,,,
280,84.81579,61.710526,,,
280,84.388885,62.5,,,
280,85.81579,63.236843,,,
280,85.5,63.5,,,
280,87,65,,,
280,87,65.166664,,,
280,87.23684,65.92105,,,
280,88.18421,66.23684,,,
280,88,66.666664,,,
280,89.23684,67.86842,,,
280,89.07895,67.86842,,,
280,89.73529,69.02941,,,
280,89.333336,69.166664,,,
280,90.111115,69.166664,,,
280,89.5,69.382355,,,
280,89.5,70.79412,,,
280,90.5,70.611115,,,
280,89.18421,71.23684,,,
280,90.166664,72.166664,,,
280,89.388885,72.27778,,,
280,89.76667,73.3,,,
280,89.97369,72.92105,,,
280,88.333336,73.111115,,,
280,87.911766,74.44118,,,
280,87.382355,74.73529,,,
280,87,76,,,
280,86.76316,75.81579,,,
280,86.22222,76.77778,,,
280,86.05556,77.333336,,,
280,85.8125,78.125,,,
280,86,78,,,
280,85.0625,79.1875,,,
280,85.6875,79.25,,,
324,56.75,23.8,,,
324,57.342106,23.447369,,,
324,57.794117,22.735294,,,
324,57.657894,22.342106,,,
324,58,22,,,
324,58.5,21.61111,,,
324,58.59375,21.78125,,,
324,59,21.5,,,
324,59.07895,20.236841,,,
324,60.1,18.75,,,
324,60.3125,19.40625,,,
324,60.30645,18.82258,,,
324,61,18,,,
324,61.5,17.38889,,,
324,62.2,17.45,,,
324,62.13158,16.921053,,,
324,62.657894,16.342106,,,
324,62.5,16.38889,,,
324,63.1,15.75,,,
324,62.95,15.65,,,
324,62.95,15.65,,,
324,62.95,15.15,,,
324,63.11111,15.277778,,,
324,63,15,,,
324,63.11111,14.833333,,,
324,63.236843,14.342105,,,
324,63.38889,14.111111,,,
324,64,14.111111,,,
324,64.13158,14.026316,,,
324,64.05,13.85,,,
324,65.111115,13.277778,,,
324,65.23684,13.184211,,,
324,65.7,13,,,
324,65.97369,12.921053,,,
324,66.14706,12.558824,,,
324,66.8,12.25,,,
324,66.8,12.25,,,
324,67.02631,12.078947,,,
324,67.14706,11.441176,,,
324,68,11.5,,,
324,67.888885,11.722222,,,
324,68,11.5,,,
324,68.088234,11.382353,,,
324,68.72727,11.045455,,,
324,69.14706,10.558824,,,
324,69.3125,10.5,,,
324,69.5,10.833333,,,
324,69.85294,10.558824,,,
324,69.888885,10.666667,,,
324,69.888885,10.666667,,,
324,69.85294,10.558824,,,
324,70,10.5,,,
324,70,10.5,,,
324,70.14706,10.441176,,,
324,70.07895,10.921053,,,
324,70.72222,10.944445,,,
324,70.63333,11.2,,,
324,71.388885,11.666667,,,
324,71.5625,12.625,,,
324,71.85294,12.911765,,,
324,72.066666,9.533334,,,
324,72.17742,10.112904,,,
325,49.558823,25.911764,,,
325,49.3125,26.5,,,
325,49.382355,26.617647,,,
325,49.333332,26.166666,,,
325,49.441177,26.088236,,,
325,49.558823,26.911764,,,
325,49.46154,26.576923,,,
325,49.5,26.61111,,,
325,49.375,26.375,,,
325,49.6875,26.875,,,
325,49.166668,26.733334,,,
325,49.433334,26.833334,,,
325,49.5,26.5,,,
325,50.055557,27.222221,,,
325,49.61111,26.5,,,
325,49.75,26.75,,,
325,50,27,,,
325,49.875,26.6875,,,
325,50.166668,27.222221,,,
325,50.13158,27.078947,,,
325,50.25,27.5,,,
325,50.382355,27.617647,,,
325,50.3125,27.6875,,,
325,50.382355,27.617647,,,
325,50.766666,27.7,,,
325,50.633335,27.766666,,,
325,47.72222,21.11111,,,
325,49.833332,24.25,,,
325,50,24.411764,,,
325,50.833332,24.633333,,,
325,49.3,22,,,
325,51.53125,26.59375,,,
325,52.558823,27.441177,,,
325,52.52941,26.970589,,,
325,50.92105,24.81579,,,
325,50.81579,25.236841,,,
325,52.44737,26.18421,,,
325,55.25862,28.293104,,,
325,53.833332,27.5,,,
325,54.666668,26.944445,,,
325,54.5,28,,,
325,55.72222,29.11111,,,
325,55.794117,29.5,,,
325,56.25,28.8,,,
325,55.433334,29.833334,,,
325,56.5,31.5,,,
325,57.625,30.375,,,
325,57.12963,30.796297,,,
325,56.166668,31.8,,,
325,55.60811,33.12162,,,
325,57.77778,34.333332,,,
325,58.1,35.433334,,,
325,58.92105,35.86842,,,
325,58.81579,36.605263,,,
325,59.441177,36.85294,,,
325,59.735294,37.67647,,,
325,59.810345,37.844826,,,
325,60.433334,39.1,,,
330,2.5,133.3125,,,
330,2.5588236,133.85294,,,
330,2.5666666,134.16667,,,
330,2.4411764,134.14706,,,
330,2.5,134.3125,,,
330,2.6666667,134.16667,,,
330,2.9166667,134.04167,,,
330,2.735294,134.02942,,,
330,2.9210527,134.07895,,,
330,2.735294,134.26471,,,
330,2.637931,134.36208,,,
330,2.8703704,134.68518,,,
330,2.625,135.25,,,
330,2.5,136,,,
330,2.6052632,135.92105,,,
330,2.5,136.76315,,,
330,2.15,136.95,,,
330,2.2777777,137.11111,,,
330,2.3947368,137.02632,,,
330,2.642857,137.21428,,,
330,2.0555556,137.72223,,,
330,2,138,,,
330,1.617647,138.91176,,,
330,1.9117647,138.97058,,,
330,1.8125,139.125,,,
330,1.5,139.83333,,,
330,1.6666666,139.66667,,,
330,2.0555556,139.72223,,,
330,2,140,,,
330,2.1,140.2,,,
330,2.1842105,140.23685,,,
330,2.5,140.5,,,
330,2.6,141,,,
330,2.7777777,141.22223,,,
330,2.7,141.45,,,
330,2.5,141.76315,,,
330,2.6578948,142.23685,,,
330,2.5,142.5,,,
330,2.45,142.65,,,
330,2.131579,142.92105,,,
330,2.2777777,143.11111,,,
330,2.5,143.61111,,,
330,2.1666667,144.16667,,,
330,2.2894738,144.44737,,,
330,2.0625,145.125,,,
335,28.928572,192.53572,,,
335,26,193.5,,,
335,26.125,193.3125,,,
335,28.772728,192.59091,,,
335,28.741379,191.84483,,,
335,31.558823,191.91176,,,
335,31.461538,191.1923,,,
335,31.4375,191.8125,,,
335,31.382353,191.91176,,,
335,31.131578,191.97368,,,
335,31,192.625,,,
335,31.18,192.06,,,
335,30.970589,192.73529,,,
335,30.722221,192,,,
335,30.6875,192.875,,,
335,30.67647,192.32353,,,
335,30.88889,192.27777,,,
335,30.763159,193.02632,,,
335,30.3125,192.125,,,
335,30.3125,192.125,,,
335,30.441177,192.08824,,,
335,30.5,192.5,,,
335,30.441177,192.08824,,,
335,30.382353,192.26471,,,
335,30.366667,192.03334,,,
335,30.333334,192.55556,,,
335,30.382353,192.02942,,,
335,30.205883,191.73529,,,
335,30.205883,191.73529,,,
335,30.342106,192.3421,,,
335,30.277779,191.66667,,,
335,30.333334,192.11111,,,
335,30.382353,191.79411,,,
335,30.5,191.77777,,,
335,30.394737,191.6579,,,
335,30.5,191.61111,,,
335,30.5,191.61111,,,
335,30.441177,191.08824,,,
335,30.3125,191.125,,,
335,30.3125,191.125,,,
335,30.25,191.1875,,,
335,30,190.5,,,
335,29.722221,190.88889,,,
335,29.61111,190.61111,,,
335,29.833334,190.38889,,,
335,29.61111,190.61111,,,
335,29.555555,190.22223,,,
335,29.555555,190.77777,,,
335,29.4375,190.1875,,,
335,29.61111,189.61111,,,
335,29.205883,190.5,,,
335,29.617647,189.73529,,,
335,29.558823,189.91176,,,
335,29.558823,189.91176,,,
335,29.5,189.5,,,
335,29.558823,189.91176,,,
335,29.23077,189.6923,,,
335,29.382353,189.26471,,,
335,29.5,189.375,,,
335,29.125,190.3125,,,
335,29.5,189.5,,,
335,29.38889,189.38889,,,
335,29.362068,189.39655,,,
335,29.382353,189.26471,,,
335,29.5,189.5,,,
335,29.384615,189.3077,,,
335,29.666666,189.06667,,,
335,29.558823,188.91176,,,
335,29.166666,189.77777,,,
335,29.3125,189.125,,,
335,29.5,188.77777,,,
335,29.264706,189.38235,,,
335,29.382353,188.67647,,,
335,29.333334,188.77777,,,
335,29.125,189.3125,,,
335,29.382353,188.67647,,,
335,29.382353,188.67647,,,
335,29.125,189.3125,,,
335,29.115385,188.88461,,,
335,29,189,,,
335,28.907408,188.90741,,,
335,28.875,188.6875,,,
335,29.055555,188.61111,,,
335,29.029411,188.38235,,,
335,28.692308,188.6923,,,
340,1.8888888,125.44444,,,
340,2.0294118,125.67647,,,
340,1.9375,125.125,,,
340,2.1111112,124.666664,,,
340,2.0294118,124.85294,,,
340,2.5833333,124.333336,,,
340,2.2222223,124.333336,,,
340,2.45,124.3,,,
340,2.547619,124.35714,,,
340,2.7592592,124.24074,,,
340,2.8793104,123.94827,,,
340,3.090909,123.77273,,,
340,3.0652175,123.54348,,,
340,3.0238094,123.690475,,,
340,3.1363637,123.545456,,,
340,3.3636363,123.318184,,,
340,3.6904762,122.78571,,,
340,4.0652175,123.021736,,,
340,3.8636363,122.72727,,,
340,4.5,122.6,,,
340,4.111111,123.166664,,,
340,4.970588,122.911766,,,
340,5.3,122.2,,,
340,5.6904764,121.5,,,
340,5.785714,121.54762,,,
340,5.5434785,121.934784,,,
340,6.7,121.65,,,
340,6.8333335,121.59524,,,
340,6.8333335,120.92857,,,
340,7.0652175,121.41304,,,
340,7.318182,121.36364,,,
340,7.7272725,121.09091,,,
340,7.7173915,120.891304,,,
340,7.9347825,120.847824,,,
340,8.543478,120.891304,,,
340,8.625,120.416664,,,
340,9.152174,120.195656,,,
340,9.181818,119.90909,,,
340,9.727273,120.454544,,,
340,10.136364,119.90909,,,
340,11.5,119.388885,,,
340,11.666667,119.44444,,,
340,11.181818,119.13636,,,
340,10.891304,119.54348,,,
340,12.75,118.6,,,
340,13,118.5,,,
340,13.617647,117.617645,,,
340,13.394737,117.81579,,,
340,14.5,117.15,,,
340,14.722222,116.666664,,,
340,14.921053,116.13158,,,
340,15.6,116.55,,,
340,16.1,115.75,,,
340,16.5,115.5,,,
340,17.026316,115.39474,,,
340,17.241936,115.01613,,,
340,17.3,114.9,,,
340,18.5,114.5,,,
340,18.852942,114.088234,,,
340,18.75,114.2,,,
340,18.722221,113.666664,,,
340,18.370968,113.69355,,,
340,19.1,113.1,,,
340,19.396551,113.086205,,,
340,19.045454,112.893936,,,
340,19.333334,112.4,,,
340,19.333334,112.55556,,,
340,20.026316,111.86842,,,
340,20.1,111.75,,,
340,20.333334,111.05556,,,
340,20.65,111.2,,,
340,20.61111,110.5,,,
340,21.11111,110.166664,,,
340,21.61111,110.5,,,
340,21.81579,109.76316,,,
340,22.147058,109.73529,,,
340,22.11111,109.166664,,,
340,22.016129,108.8871,,,
340,22.555555,108.166664,,,
340,22,108.375,,,
340,22.605263,107.97369,,,
340,22.866667,107.53333,,,
340,22.444445,106.77778,,,
340,23.2,107.36667,,,
349,83.3421,22.81579,,,
349,83.5,23,,,
349,83.447365,22.921053,,,
349,83.53333,23.166666,,,
349,83.9,22.9,,,
349,83.9,22.9,,,
349,84,23,,,
349,83.106064,23.378788,,,
349,82.888885,23.472221,,,
349,84,22.5,,,
349,84,22.5,,,
349,84.35,21.9,,,
349,84.2619,21.738094,,,
349,84.5,21.38889,,,
349,84.14706,21.382353,,,
349,84.35,20.9,,,
349,84.39474,20.763159,,,
349,84.382355,20.382353,,,
349,84.3125,20.3125,,,
349,84.3125,20.3125,,,
349,84.3125,20.3125,,,
349,84.3125,20.3125,,,
349,84.60526,20.236841,,,
349,84.72222,20.11111,,,
349,85,20,,,
349,85.02941,20.088236,,,
349,85.3125,20.3125,,,
349,85.36667,20.166666,,,
349,85.36667,19.966667,,,
349,85.63333,19.833334,,,
349,85.63333,19.833334,,,
349,86.5,19.5,,,
349,86.5,19.5,,,
349,86.566666,19.3,,,
349,86.625,19.375,,,
349,86.85294,19.029411,,,
349,86.833336,18.566668,,,
349,89.27143,10.385715,,,
390,168.3125,45.5625,,,
390,168.46153,45.53846,,,
390,169.37097,44.629032,,,
390,168.32353,45.441177,,,
390,168.3125,45.3125,,,
390,168.3125,45.3125,,,
390,168.3125,45.3125,,,
390,168.3125,45.3125,,,
390,168.3125,45.3125,,,
390,168.32353,45.441177,,,
390,168.3125,45.3125,,,
390,168.32353,45.441177,,,
390,168.3125,45.3125,,,
390,168.3,45.433334,,,
390,168.3125,45.3125,,,
390,168.3,45.433334,,,
390,168.3125,45.3125,,,
390,168.3125,45.3125,,,
390,168.3125,45.3125,,,
390,168.3125,45.3125,,,
390,168.3125,45.3125,,,
390,168.3125,45.3125,,,
390,168.3125,45.3125,,,
390,168.3125,45.3125,,,
390,168.3125,45.3125,,,
390,168.3125,45.3125,,,
390,168.3125,45.3125,,,
390,168.3125,45.3125,,,
390,168.25,45.1875,,,
390,168.3125,45.3125,,,
390,168.3125,45.3125,,,
390,168.3125,45.3125,,,
390,168.3125,45.3125,,,
390,168.3125,45.3125,,,
390,168.3125,45.3125,,,
390,168.3125,45.3125,,,
390,168.3125,45.3125,,,
390,168.3125,45.3125,,,
390,168.32353,45.441177,,,
390,168.3125,45.3125,,,
390,168.3125,45.3125,,,
390,168.32353,45.441177,,,
390,168.3125,45.3125,,,
390,168.3125,45.3125,,,
390,168.32353,45.441177,,,
390,168.3125,45.3125,,,
390,168.3125,45.3125,,,
390,168.91379,44.982758,,,
390,168.32353,45.441177,,,
390,168.3125,45.3125,,,
390,168.3125,45.3125,,,
390,168.32353,45.441177,,,
390,168.3125,45.3125,,,
390,168.91379,44.982758,,,
390,168.3125,45.3125,,,
390,168.46153,45.346153,,,
390,168.36957,45.717392,,,
390,168.19565,45.5,,,
390,168.3125,45.3125,,,
390,168.3125,45.3125,,,
390,168.3125,45.3125,,,
390,168.3125,45.3125,,,
390,168.16667,45.366665,,,
390,168.25,45.1875,,,
390,168.25,45.1875,,,
390,168.25,45.1875,,,
390,168.3125,45.3125,,,
390,168.16667,45.366665,,,
390,168.3125,45.3125,,,
390,168.13637,45.454544,,,
390,168.3125,45.3125,,,
390,168.16667,45.625,,,
390,168.3125,45.3125,,,
390,169.08621,44.74138,,,
390,168.3125,45.3125,,,
390,168.90741,44.833332,,,
394,1.6764706,155.38235,,,
394,2.5,155.37878,,,
394,2.7571428,155.41429,,,
394,2.2894738,154.44737,,,
394,2.6176472,154.44118,,,
394,2.9210527,154.1842,,,
394,3.5,154.33333,,,
394,3.868421,154.28947,,,
394,4.2894735,153.92105,,,
394,4.5,154,,,
394,5.394737,154.13158,,,
394,5.55,154.35,,,
394,5.888889,153.77777,,,
394,6.5,154.1842,,,
394,7.0555553,153.66667,,,
394,7.2647057,153.32353,,,
394,7.9736843,153.3421,,,
394,8.222222,153.05556,,,
394,8.763158,152.97368,,,
394,9,152.66667,,,
394,9.657895,152.07895,,,
394,9.970589,151.85294,,,
394,10.777778,151.5,,,
394,11.205882,151.44118,,,
394,11.888889,150.55556,,,
394,12.029411,150.79411,,,
394,12.447369,150.28947,,,
394,12.676471,150.14706,,,
394,13.394737,149.8158,,,
394,13.5,149.97058,,,
394,13.875,149.625,,,
394,14.444445,149.66667,,,
394,14.5625,149.6875,,,
398,129.7069,73.155174,,,
398,130.2931,73.01724,,,
398,131,73.5,,,
398,130.77777,73.44444,,,
398,131.5,73.5,,,
398,131.875,73.8125,,,
398,132.5625,73.625,,,
398,132.875,73.8125,,,
398,132.8125,74,,,
398,133.3125,74.125,,,
398,133.85294,74.20588,,,
398,133.8125,75,,,
398,135.08824,74.79412,,,
398,135.44118,75.088234,,,
398,136.16667,75.3,,,
398,136.5,75,,,
398,137,75,,,
398,137,75,,,
398,137.5,75,,,
398,137.85294,74.911766,,,
398,138,75.5,,,
398,138.16667,75.3,,,
398,138.4375,75.1875,,,
398,138.63333,75.433334,,,
398,138.875,75.8125,,,
398,139.02942,75.79412,,,
398,139.02632,75.60526,,,
398,139.4375,75.625,,,
398,139.32353,75.911766,,,
398,139.5,76,,,
398,139.6579,75.6579,,,
398,139.875,75.8125,,,
398,140.375,75.6875,,,
398,140.5,75.611115,,,
398,140.6875,75.3125,,,
398,141.03334,75.833336,,,
398,141.36667,76.03333,,,
398,141.26471,75.79412,,,
398,142,76,,,
398,142.38235,76.26471,,,
398,142.125,76.3125,,,
398,143,77,,,
432,1.7608696,74.5,,,
432,2.8225806,74.33871,,,
432,6.25,71.25,,,
432,7.125,70.75,,,
432,9.166667,70.433334,,,
432,10.921053,70.447365,,,
432,12.289474,70.18421,,,
432,13.166667,69.77778,,,
432,13.1470585,69.5,,,
432,14.25,69.45,,,
432,14.444445,69.77778,,,
432,15.617647,70.02941,,,
432,15.970589,68.911766,,,
432,16.625,69.375,,,
432,18.342106,68.76316,,,
432,19.222221,68.333336,,,
432,20.35,68.05,,,
432,23,67.5,,,
432,23.5,66.86842,,,
432,23.85,66.05,,,
432,24.289474,64.76316,,,
432,22.7,64.65,,,
432,22.333334,63.944443,,,
432,22.558823,62.441177,,,
432,23.1875,61.875,,,
432,23.18421,60.763157,,,
432,24.441177,59.911766,,,
432,25.88889,58.61111,,,
432,26.5,58,,,
432,27.944445,57.11111,,,
432,28.558823,56.617645,,,
432,28.5625,56.125,,,
432,29.125,55.75,,,
432,30.880953,53.595238,,,
432,30.5,52.657894,,,
432,31.236841,51.5,,,
432,32.07895,50.86842,,,
432,33.38889,49.5,,,
432,33.911766,48.97059,,,
432,35.433334,48.166668,,,
432,36.38889,46.666668,,,
432,36.875,45.6875,,,
437,147,176.22728,,,
437,146.62903,175.95161,,,
437,146.61765,176,,,
437,146.72858,176.75714,,,
437,145.5,174.54762,,,
437,145.5,174.30952,,,
437,145.5,174.22728,,,
437,145.69048,174.40475,,,
437,145.76315,174.6579,,,
437,145.8158,174.55263,,,
437,145.40475,174.40475,,,
437,145.5,174.63637,,,
437,145.31818,174.45454,,,
437,145.35715,174.21428,,,
437,145.19565,174.36957,,,
437,145.30952,174.54762,,,
437,145.23914,174.45653,,,
437,145.39473,174.55263,,,
437,145.13637,174.22728,,,
437,145.07143,174.30952,,,
437,145.16667,174.35715,,,
437,145.25,174.45,,,
437,145.25,174.45,,,
437,145.25,174.45,,,
437,145.23685,174.3421,,,
437,145.23685,174.3421,,,
437,145.02942,174.26471,,,
437,144.61111,174.5,,,
437,144.61111,174.5,,,
437,144.625,174.5,,,
437,144.61111,174.5,,,
437,144.27777,174.38889,,,
437,144.3125,174.4375,,,
437,144.44118,174.32353,,,
437,144.3125,174.4375,,,
437,144.16667,174.43333,,,
437,144,174.0625,,,
437,143.67647,174.14706,,,
437,143.85,174.1,,,
437,143.38889,173.94444,,,
437,143.76315,173.6579,,,
437,143.33333,173.77777,,,
437,143.77777,173.11111,,,
441,115.85714,93,,,
441,115.88461,92.5,,,
441,115.625,92.75,,,
441,115.31481,92.94444,,,
441,114.90741,93.35185,,,
441,114.833336,93.5,,,
441,114.844826,93.534485,,,
441,114.46875,93.65625,,,
441,114.145164,94.08064,,,
441,113.932434,94.36487,,,
441,114.375,99.25,,,
441,113.97059,100.32353,,,
441,114.44444,101.666664,,,
441,114.3,102.1,,,
441,113.5,102.3125,,,
441,113.625,103,,,
441,113.566666,103.166664,,,
441,114.375,104.25,,,
441,113.96667,104.63333,,,
441,114.3125,105.875,,,
441,106.911766,100.85294,,,
441,107.02941,100.85294,,,
441,107.433334,101.833336,,,
441,107.088234,102.14706,,,
441,107.433334,101.833336,,,
441,107.23333,102.9,,,
441,104.8125,104.1875,,,
441,105.85294,105.26471,,,
441,104.625,106,,,
441,104.911766,106.14706,,,
441,104.3125,107.1875,,,
441,104.5,107.5,,,
448,48.125,73.6875,,,
448,48.4375,75.25,,,
448,48.72222,76.111115,,,
448,48.5,77,,,
448,49.02941,77.67647,,,
448,49.5,78.5,,,
448,49.666668,79.94444,,,
448,50.5,80.02941,,,
448,50.85294,80.382355,,,
448,51.1875,82.125,,,
448,51.911766,82.85294,,,
448,52.61111,83.5,,,
448,52.67647,83.44118,,,
448,53,83.8125,,,
448,53.61111,83.5,,,
448,53.666668,83.55556,,,
448,54.088234,83.44118,,,
448,54.5,83.611115,,,
448,55.6875,83.875,,,
448,55.944443,84.666664,,,
448,56.5,84.611115,,,
448,57.61111,84.5,,,
448,58,84.3125,,,
448,59.088234,84.617645,,,
448,59.67647,84.02941,,,
448,60.088234,84.44118,,,
448,60.1875,84.5625,,,
448,60.88889,84.833336,,,
448,62.125,84.75,,,
448,62.735294,84.382355,,,
448,63.5,84.5,,,
448,64.1,82.7,,,
448,65.088234,83.382355,,,
448,66.1875,83.8125,,,
448,67.14706,83.44118,,,
448,68,82.625,,,
448,69.1,82.566666,,,
448,69.3125,82.5,,,
448,70.14706,81.55882,,,
448,74.69355,81.66129,,,
448,75.20968,82.01613,,,
483,21.722221,14.722222,,,
483,24.9,21.3,,,
483,25.911764,22.088236,,,
483,26.9375,22.6875,,,
483,27.147058,22.794117,,,
483,27.666666,23.166666,,,
483,28.441177,23.382353,,,
483,29,24.3125,,,
483,29.794117,24.617647,,,
483,30.166666,24.88889,,,
483,31.264706,25.852942,,,
483,31.657894,26.078947,,,
483,32.441177,27.382353,,,
483,33.444443,27.88889,,,
483,34.88889,28.666666,,,
483,35.5,28.722221,,,
483,36.394737,29.763159,,,
483,36.833332,31.11111,,,
483,37.2,31.45,,,
483,37.95,32,,,
483,38.8,32.05,,,
483,39.166668,32.72222,,,
483,40.07895,32.44737,,,
483,40.86842,33.394737,,,
483,41.055557,34.22222,,,
483,42.02941,34.617645,,,
483,42.710526,35.44737,,,
483,43.205883,36.911766,,,
483,44.6875,38.3125,,,
483,46.236843,38.55263,,,
483,47.11111,39.833332,,,
483,48.264706,40.205883,,,
483,49.22222,41.555557,,,
483,49.67647,42.617645,,,
483,48.441177,32.911766,,,
483,47.351852,32.38889,,,
483,46.735294,32.382355,,,
483,46.07895,32.07895,,,
483,45.558823,32.088234,,,
483,45.441177,31.911764,,,
483,44.92105,31.921053,,,
483,44.98148,32.01852,,,
483,44.3125,31.8125,,,
490,77.625,132.875,,,
490,76.5,132.5,,,
490,76,132.5,,,
490,75.6875,132.5,,,
490,75.14706,132.55882,,,
490,74.166664,132.43333,,,
490,74.166664,131.56667,,,
490,73.67647,131.02942,,,
490,72.9,130.56667,,,
490,72.14706,130.44118,,,
490,71.6875,129.5,,,
490,70,129,,,
490,68.97059,128.20589,,,
490,67.97059,128.08824,,,
490,67.7,127.7,,,
490,66.02631,127.23684,,,
490,65.32353,126.26471,,,
490,64.447365,125.92105,,,
490,63.1875,125.3125,,,
490,62.763157,124.18421,,,
490,62.264706,123.14706,,,
490,61.125,121.1875,,,
490,61.14706,120.79412,,,
490,60.5625,119.375,,,
490,59.666668,118.611115,,,
490,58.97059,118.088234,,,
490,58.833332,117.433334,,,
490,58.125,117.1875,,,
490,57.6875,116.4375,,,
490,57.67647,116.02941,,,
490,57.382355,115.55882,,,
490,56.97059,115.088234,,,
490,56.166668,114.1,,,
490,56.1875,114,,,
490,56.152172,113.58696,,,
490,55.8,112.55,,,
490,54.97059,112.088234,,,
490,53.3,110.23333,,,
490,52.8125,109.4375,,,
490,52.441177,108.26471,,,
490,51.766666,107.36667,,,
490,51.5,106.5,,,
490,51.02,105.62,,,
490,50.653847,104.80769,,,
490,50.26923,103.53846,,,
490,49.5,103.388885,,,
490,49.205883,102.32353,,,
490,48.97059,102.088234,,,
490,48.1875,101,,,
490,47.5,99.388885,,,
490,46.657894,98.5,,,
490,46.366665,98.03333,,,
490,45.566666,96.63333,,,
490,45.125,96.1875,,,
490,44.555557,94.833336,,,
490,43.61111,94.333336,,,
490,43.02174,92.978264,,,
490,42.633335,91.96667,,,
490,42.54,91.1,,,
490,42.5,90.388885,,,
490,42.796295,89.94444,,,
490,42.5,88.9,,,
490,42.017242,87.05173,,,
496,100.875,33.1875,,,
496,100.875,34.125,,,
496,99.5,34.25,,,
496,98.088234,33.85294,,,
496,96.5,34.944443,,,
496,95.73529,34.97059,,,
496,94.14706,35.382355,,,
496,92.617645,35.5,,,
496,91.617645,35.5,,,
496,91.79412,35.97059,,,
496,90.97059,36.735294,,,
496,90.5,37,,,
496,89.14706,37.382355,,,
496,88.625,37.375,,,
496,87.94444,37.555557,,,
496,87.26471,37.85294,,,
496,86.23684,37.55263,,,
496,84.94444,38.22222,,,
496,83.85294,39.02941,,,
496,82.566666,39.1,,,
496,81.382355,38.97059,,,
496,80.1875,39.6875,,,
496,79.6875,40.5625,,,
496,78.617645,40.382355,,,
496,76.833336,41.566666,,,
496,75.5625,41.875,,,
496,74.833336,41.566666,,,
496,73.6875,42.0625,,,
496,72.166664,42.433334,,,
498,45,119.5,,,
498,45.166668,117.96667,,,
498,43.61111,117.611115,,,
498,43.55263,116.92105,,,
498,41.02941,116.911766,,,
498,41.166668,115.611115,,,
498,39.67647,115.088234,,,
498,39.15,115.35,,,
498,38.794117,113.73529,,,
498,37.735294,113.617645,,,
498,38,112.27778,,,
498,36.657894,111.92105,,,
498,36,111,,,
498,35.558823,110.911766,,,
498,35.088234,109.79412,,,
498,34.27778,109.166664,,,
498,33.6875,107.875,,,
498,32.055557,107.833336,,,
498,32.6875,106.0625,,,
498,31.026316,105.86842,,,
498,31.166666,104.833336,,,
498,29.5,104.5,,,
498,29.880953,103.2619,,,
498,29.318182,103.545456,,,
498,29.777779,100.94444,,,
498,28.444445,100.166664,,,
498,28.25,99.2,,,
498,27.444445,99.333336,,,
498,27.222221,98.22222,,,
498,26.625,97.75,,,
498,26.382353,96.85294,,,
498,25.944445,96.72222,,,
498,24.657894,95.92105,,,
510,57.5,139.5,,,
510,56.1,139.36667,,,
510,55.794117,139.20589,,,
510,54.38889,138.72223,,,
510,51.8125,138.875,,,
510,52.6875,140.5625,,,
510,50.966667,140.63333,,,
510,50.735294,140.79411,,,
510,51.02941,142.26471,,,
510,50.666668,142.94444,,,
510,50.033333,143.63333,,,
510,49.166668,144.36667,,,
510,49.6875,144.6875,,,
510,49.27778,145.11111,,,
510,49,147.1875,,,
510,48.735294,147.79411,,,
510,48.32353,148.32353,,,
510,48.11111,148.72223,,,
510,47.794117,149.5,,,
510,47.32353,150.32353,,,
510,45.088234,151.26471,,,
510,44.3125,152.375,,,
510,43.625,152.5,,,
510,42.5,153.125,,,
510,40.342106,153.8158,,,
510,40.033333,154.63333,,,
510,37.75,155.25,,,
510,36.558823,155.67647,,,
510,35.5,156.22223,,,
510,33.833332,156.61111,,,
510,32.88889,157.11111,,,
510,31.153847,157.15384,,,
510,30.5,157.65,,,
510,29.029411,158.08824,,,
510,28.735294,158.79411,,,
510,27.944445,158.88889,,,
510,27.722221,160,,,
510,27.923077,159.6923,,,
510,26.8125,160.4375,,,
510,27.038462,160.61539,,,
510,26.416666,160.5,,,
510,24.796297,160.75926,,,
510,25.558823,162.08824,,,
510,24.233334,162.7,,,
510,24,163.4375,,,
510,25,164.16667,,,
510,24.25,165.1875,,,
510,23.6875,165.6875,,,
510,23.1,165.83333,,,
510,20.125,166.6875,,,
510,19.078947,167.55263,,,
510,19.552631,168.07895,,,
510,18.555555,168.33333,,,
510,18.375,168.5,,,
510,17.375,168.9375,,,
510,15.708333,169.33333,,,
510,13.5,169.5,,,
510,12.166667,169.26666,,,
510,11.441176,169.44118,,,
510,9.362069,169.36208,,,
530,145.03334,52.1,,,
530,144.36667,51.966667,,,
530,143.67647,51.97059,,,
530,143.16667,52.233334,,,
530,143,52.1875,,,
530,142.6875,52.0625,,,
530,141.6875,52.25,,,
530,141.1875,52,,,
530,139.8125,51.875,,,
530,140,52.5,,,
530,139.77777,51.88889,,,
530,139.1875,52.125,,,
530,138.875,52.1875,,,
530,138.5,52,,,
530,137.67647,51.97059,,,
530,137,52,,,
530,136.16667,52.433334,,,
530,135.3,52.766666,,,
530,134.36667,51.966667,,,
530,134,52.5,,,
530,134,52.5,,,
530,133.625,52.75,,,
530,133.75,52.4375,,,
530,133.625,52.375,,,
530,133.75,52.6875,,,
530,134,52.5,,,
530,133.625,52.375,,,
530,133.56667,52.1,,,
530,133.5,52.5,,,
540,103.911766,142.38235,,,
540,103.6875,141.5,,,
540,102.85294,141.20589,,,
540,101.85294,140.02942,,,
540,100.97059,139.08824,,,
540,100.25,137.875,,,
540,99.5,137.20589,,,
540,99.02941,136.91176,,,
540,98.67647,136.02942,,,
540,97.72222,134.94444,,,
540,96.888885,134.27777,,,
540,96.14706,134.08824,,,
540,95.617645,133.5,,,
540,95.36667,133.03334,,,
540,95.1875,132.75,,,
540,94.875,132.125,,,
540,93.8125,131.25,,,
540,93.382355,129.61765,,,
540,92.611115,128.61111,,,
540,92.3125,128.125,,,
540,91.5,126.388885,,,
540,91.125,125.5,,,
540,90.63333,124.166664,,,
540,90.382355,122.85294,,,
540,89.72222,121.666664,,,
540,89.3421,120.3421,,,
540,89.14706,119.617645,,,
540,89.23913,118.065216,,,
540,88.92105,117.6579,,,
540,88.5,117,,,
540,87.6875,116.3125,,,
540,87.5,114.97059,,,
540,87.433334,114.166664,,,
540,87.166664,113.12963,,,
540,86.8125,112.25,,,
540,86.35714,110.82143,,,
540,85.81035,109.74138,,,
540,85.3,108.1,,,
540,84.3125,107.6875,,,
540,84.382355,106.85294,,,
540,84.25,106.8125,,,
540,83.9375,106.1875,,,
540,83.566666,105.3,,,
540,83.382355,104.97059,,,
540,83.375,104.375,,,
540,83.44118,104.20588,,,
540,83.382355,103.382355,,,
540,83.36667,103.03333,,,
540,82.6875,102.3125,,,
540,82.083336,101.833336,,,
558,82.36667,134.03334,,,
558,81.388885,134.27777,,,
558,79.875,133.9375,,,
558,80,134.11111,,,
558,80.02941,133.02942,,,
558,78.67647,133.02942,,,
558,77.97059,133.38235,,,
558,77.72222,132.94444,,,
558,77.14706,133.08824,,,
558,77,133.11111,,,
558,76.85294,132.73529,,,
558,76.85294,132.55882,,,
558,76.32353,132.97058,,,
558,76.02941,132.91176,,,
558,75.85294,132.55882,,,
558,75.333336,132.55556,,,
558,74.97059,133.20589,,,
558,74.77778,132.83333,,,
558,74,133.11111,,,
558,72.3,133.43333,,,
558,72,132.5,,,
558,70.888885,132.27777,,,
558,70.888885,132.27777,,,
558,70.611115,132.11111,,,
558,70.64815,132.01852,,,
558,70,132,,,
558,69.76316,132.1842,,,
558,69.111115,132.33333,,,
558,68.85294,132.44118,,,
558,68.75,132.375,,,
558,68.23913,132.28261,,,
558,67,132.625,,,
571,103.566666,146.3,,,
571,102.3125,146.875,,,
571,102.14706,146.08824,,,
571,101.5,146.61111,,,
571,101.27778,146.05556,,,
571,100.5,146.38889,,,
571,100.76316,146.1842,,,
571,100.6875,146.3125,,,
571,100.3125,146.125,,,
571,100.36667,146.03334,,,
571,100.3125,146.6875,,,
571,100.3,146.23334,,,
571,99.5,147,,,
571,98.67647,146.08824,,,
571,97.611115,145.77777,,,
571,97.05556,145.33333,,,
571,97.20588,144.73529,,,
571,96.617645,144.73529,,,
571,97.088234,144.20589,,,
571,96.111115,144.33333,,,
571,96.36667,144.03334,,,
571,95.6875,144.0625,,,
571,96.17857,143.35715,,,
571,95.5,143.38889,,,
571,95.44118,142.55882,,,
571,94.6875,142.3125,,,
571,94.382355,142.26471,,,
571,93.94444,141.77777,,,
571,93.31481,142.05556,,,
571,96.97059,149.67647,,,
571,97.7,148.8,,,
571,98.21429,147.92857,,,
571,99.458336,146.5,,,
571,98.911766,145.14706,,,
571,90.833336,140.16667,,,
571,90.92105,139.6579,,,
571,90.22222,139.94444,,,
571,89.8125,139.25,,,
571,89.5,139.38889,,,
571,88.97059,139.26471,,,
571,89,139,,,
571,88.5,139,,,
571,88.14706,138.61765,,,
571,88.382355,138.61765,,,
571,87.5,138.16667,,,
571,87.6875,137.875,,,
571,86.86667,137.9,,,
571,86.5,137.38889,,,
571,87.17647,138.79411,,,
571,86.26471,137.38235,,,
571,85.90741,137.01852,,,
586,38.5,133.5,,,
586,37.88889,134.16667,,,
586,37.5,133.97058,,,
586,36.88889,134.16667,,,
586,36.5,134.5,,,
586,36,133.625,,,
586,34.85294,134.55882,,,
586,34,134.5,,,
586,33.566666,134.63333,,,
586,32.555557,135.05556,,,
586,32.566666,134.63333,,,
586,30.763159,135.39473,,,
586,30.558823,134.61765,,,
586,29.8,135.15,,,
586,30.15,134.5,,,
586,29.5,133.5,,,
586,27.911764,134.55882,,,
586,27,134.625,,,
586,26.366667,135.03334,,,
586,24.921053,134.92105,,,
586,24.17742,134.46774,,,
586,22.921053,134.07895,,,
586,23.333334,133.44444,,,
586,21.852942,133.55882,,,
586,21.1,133.5,,,
586,20,133.5,,,
586,19.810345,133.39655,,,
586,19.11111,133.72223,,,
586,18.136364,133.31818,,,
604,115.375,110.875,,,
604,115.617645,112.088234,,,
604,115.625,112.1875,,,
604,115.433334,113.1,,,
604,115.1875,113.5625,,,
604,115.55556,113.666664,,,
604,114.911766,115.02941,,,
604,114.375,116.25,,,
604,114.5,117,,,
604,115.166664,117.36667,,,
604,115.5,118.433334,,,
604,115.26471,119.5,,,
604,115.375,120.25,,,
604,115.79412,120.02941,,,
604,115.44118,120.79412,,,
604,114.833336,121.55556,,,
604,114.4375,122.625,,,
604,114.28261,122.5,,,
604,114.55556,122.666664,,,
604,114.5,124,,,
604,115.382355,124.44118,,,
604,115.833336,124.888885,,,
604,116.44118,124.97059,,,
604,117.10714,125.60714,,,
604,117.1,127.03333,,,
604,117.98,127.58,,,
604,118.60714,128.10715,,,
604,119.30769,128.65384,,,
604,119.22222,129.66667,,,
604,119.5,130.88889,,,
604,119.433334,132.1,,,
604,119.375,133.25,,,
604,119.23333,133.83333,,,
604,119.44118,134.79411,,,
604,119.8125,135.875,,,
604,119.1875,136.5625,,,
605,41.833332,128.56667,,,
605,41.566666,128.7,,,
605,41.566666,128.7,,,
605,40.88889,128.72223,,,
605,40.88889,128.83333,,,
605,40.166668,129.43333,,,
605,39.875,129.1875,,,
605,39.566666,129.36667,,,
605,38.97059,129.79411,,,
605,38.441177,129.91176,,,
605,38,130,,,
605,37.3125,129.875,,,
605,37,130.3125,,,
605,36.5625,130.1875,,,
605,35.973682,130.5,,,
605,35.81579,130.86842,,,
605,35.18421,131.28947,,,
605,35.08621,131.2931,,,
605,34.833332,131.66667,,,
605,34.125,131.8125,,,
605,33.5,131.61111,,,
605,33.441177,131.91176,,,
605,32.5,131.61111,,,
605,32.327587,131.77586,,,
605,31.88889,131.72223,,,
605,31.25,131.75,,,
605,30.722221,131.61111,,,
605,30.566668,131.93333,,,
605,29.921053,132.13158,,,
605,29.75,132.4375,,,
605,29.222221,132.77777,,,
605,28.433332,133.16667,,,
605,28.1875,133.0625,,,
605,24.805555,135.16667,,,
605,24.852942,134.97058,,,
605,25.15625,135.09375,,,
605,25.14516,135.46774,,,
605,24.8,135.6,,,
605,24.637932,135.63792,,,
608,110.63333,50.566666,,,
608,110.6875,48.3125,,,
608,109.02631,48.13158,,,
608,109.088234,47.14706,,,
608,107.81579,46.657894,,,
608,107.15,46.6,,,
608,107.07895,45.236843,,,
608,105.26471,44.441177,,,
608,105.5,44,,,
608,104.333336,43.166668,,,
608,103.27778,42.88889,,,
608,103.55556,41.77778,,,
608,101.5,41.38889,,,
608,101.5,41,,,
608,101.13158,40.13158,,,
608,99.97369,40.13158,,,
608,100.066666,39.233334,,,
608,98.8,38.55,,,
608,98.55556,38.38889,,,
608,98.2,37.25,,,
608,97.02631,36.86842,,,
608,97.5,36.38889,,,
608,96.21875,36.3125,,,
608,96.5,35.5,,,
608,95.34375,35.625,,,
608,95.46875,35.03125,,,
608,94.588234,34.17647,,,
608,94.1,34.3,,,
608,94.2,33.25,,,
608,92.63636,33.272728,,,
608,93.07895,32.44737,,,
608,92.07895,31.447369,,,
608,91.666664,31.38889,,,
608,91.666664,30.055555,,,
608,90.02631,29.868422,,,
608,90.27778,28.88889,,,
608,88.97369,28.236841,,,
608,89.07895,27.921053,,,
608,88.63333,26.733334,,,
608,87.44444,26.166666,,,
608,87.913795,25.396551,,,
608,86.333336,24.944445,,,
608,86.53571,24.25,,,
608,85.3125,23.6875,,,
611,44.5,193.3125,,,
611,44.911766,192.55882,,,
611,44.911766,192.55882,,,
611,44.5,192.6875,,,
611,44.382355,191.97058,,,
611,44.205883,191.73529,,,
611,44.3,191.36667,,,
611,44.566666,190.16667,,,
611,44.5,189.6875,,,
611,44.5,189.6875,,,
611,44.5,188.6875,,,
611,44.5,188.5,,,
611,44.1875,188.4375,,,
611,44.92105,188.13158,,,
611,44.404762,188.11905,,,
611,44.72222,187.88889,,,
611,44.537037,187.87038,,,
611,44.375,187.625,,,
611,44.944443,187.27777,,,
611,44.67647,187.20589,,,
611,44.8125,186.5625,,,
611,45.055557,186.72223,,,
611,44.85484,186.43549,,,
611,45.088234,185.85294,,,
611,45.066666,185.76666,,,
611,44.833332,185.5,,,
611,45.233334,185.7,,,
611,44.911766,185.20589,,,
611,45.61111,185.5,,,
611,45.3125,184.875,,,
611,45.61111,184.5,,,
611,45.75,184.5,,,
611,45.6875,184.125,,,
611,46.3125,184.3125,,,
611,45.97059,183.91176,,,
611,46.5,184,,,
611,46.205883,183.32353,,,
611,46.966667,183.36667,,,
611,46.396553,182.94827,,,
611,47.333332,183.05556,,,
611,47.01613,182.66129,,,
611,47.6875,182.875,,,
611,47.63793,182.60345,,,
611,48.22222,182.55556,,,
611,48.25862,182.60345,,,
647,1.375,47.25,,,
647,1.4411764,47.794117,,,
647,1.8157895,48.236843,,,
647,1.8333334,48.666668,,,
647,2,48.7,,,
647,2.4473684,49.18421,,,
647,2.5526316,49.342106,,,
647,2.6111112,49.5,,,
647,3.7083333,50.833332,,,
647,3.9444444,51,,,
647,4.3333335,51.166668,,,
647,4.630435,51.5,,,
647,4.8809524,51.5,,,
647,4.9761906,51.785713,,,
647,5.25,52.15,,,
647,5.40625,51.78125,,,
647,6.0555553,52.27778,,,
647,5.928571,52.5,,,
647,6.392857,53,,,
647,7,53.5,,,
647,7.5,54,,,
647,7.8333335,54.433334,,,
647,7.8125,54.75,,,
647,7.75,52.67857,,,
647,7.923077,53.192307,,,
647,8.5,54.12069,,,
647,8.384615,54.5,,,
647,9.192307,55.03846,,,
647,9.307693,55.846153,,,
647,10.178572,56.42857,,,
647,10.293103,56.91379,,,
658,104.875,108.8125,,,
658,104.9375,109.5625,,,
658,105.388885,109.611115,,,
658,105,109.8125,,,
658,105.36667,109.96667,,,
658,105,110.5,,,
658,105.3125,110.875,,,
658,105.01852,110.75926,,,
658,105.125,110.6875,,,
658,105.32353,111.02941,,,
658,104.5,111.611115,,,
658,104.3125,112.125,,,
658,104.44118,111.911766,,,
658,103.67242,112.155174,,,
658,103.1875,111.3125,,,
658,102.46296,112.09259,,,
658,101.57407,112.35185,,,
658,101.621216,110.106064,,,
658,99.85294,110.44118,,,
658,99.85294,108.55882,,,
658,98.27778,109.05556,,,
658,97.3125,110,,,
658,96.73529,110.20588,,,
658,95.92105,110.92105,,,
658,96.05,111.15,,,
658,95.85294,111.55882,,,
658,94.92105,110.92105,,,
658,94.73529,111.85294,,,
658,94.77778,111.44444,,,
658,94.92857,110.28571,,,
658,94.55882,109.911766,,,
658,93.96667,108.36667,,,
658,94.375,108.5,,,
658,94.53571,107.53571,,,
658,94.25,108.25,,,
658,94.36207,107.60345,,,
690,143.91176,77.85294,,,
690,143.96666,77.63333,,,
690,144.17857,77.60714,,,
690,144.55882,78.26471,,,
690,145.79411,79.02941,,,
690,146.125,79.6875,,,
690,146.75,80.4375,,,
690,146.88889,80.666664,,,
690,147.20967,80.82258,,,
690,147.875,81.4375,,,
690,147.91379,81.39655,,,
690,147.4,81.7,,,
690,147.39655,82.25862,,,
690,147.8125,82.875,,,
690,147.61111,83.27778,,,
690,147.61111,83.5,,,
690,147.88889,83.388885,,,
690,148.1875,84.125,,,
690,147.96666,84.63333,,,
690,148.36667,84.433334,,,
690,148.91176,84.85294,,,
690,149,85,,,
690,148.7,85.433334,,,
690,149.43333,86.1,,,
690,149.17857,86.57143,,,
690,149.43333,87.1,,,
690,149.93333,87.76667,,,
690,150.08824,88.44118,,,
690,151.08621,89.05173,,,
690,151,89.5,,,
690,151,90.39286,,,
TotalSperm:,56,,,,
#############,---,Color,LEGEND,---,#############
RED:,RAPID,,,,
ORANGE:,MEDIUM,,,,
GREEN:,SLOW,,,,
BLACK:,NOT,CLASSIFIED,,,
